{
    "0": {
        "t-value": 115.03969088328478,
        "p-value": 1.0714760788954027e-148
    }
}