{
    "0": {
        "t-value": -0.144464366583271,
        "p-value": 0.8852907629862062
    },
    "1": {
        "t-value": 0.9369348841108696,
        "p-value": 0.350015163247296
    },
    "2": {
        "t-value": -0.21233513180246558,
        "p-value": 0.8320804221874377
    },
    "3": {
        "t-value": -0.04646001090003332,
        "p-value": 0.962993007026129
    },
    "4": {
        "t-value": 1.2941960853790042,
        "p-value": 0.19723426253290421
    },
    "5": {
        "t-value": -0.19678151485063503,
        "p-value": 0.844211379510049
    },
    "6": {
        "t-value": 5.864608563353023,
        "p-value": 3.306581401901694e-08
    },
    "7": {
        "t-value": 1.559692516199126,
        "p-value": 0.12081103033086489
    },
    "8": {
        "t-value": -0.1469076094255239,
        "p-value": 0.8833631427187723
    },
    "9": {
        "t-value": 1.0275782478773818,
        "p-value": 0.3055161606495757
    },
    "10": {
        "t-value": 0.28257409002678885,
        "p-value": 0.7778183320174827
    },
    "11": {
        "t-value": 0.5260427702301129,
        "p-value": 0.5994860771828214
    },
    "12": {
        "t-value": 1.2173481267520925,
        "p-value": 0.22505897929363347
    },
    "13": {
        "t-value": 0.9099458263169683,
        "p-value": 0.36405757961409935
    },
    "14": {
        "t-value": 0.9364406746425262,
        "p-value": 0.3502909476973569
    },
    "15": {
        "t-value": 0.09147709387803912,
        "p-value": 0.9272109637434429
    },
    "16": {
        "t-value": 0.40201757999713345,
        "p-value": 0.6881387693470913
    },
    "17": {
        "t-value": 0.4722551055918392,
        "p-value": 0.6373373141724208
    },
    "18": {
        "t-value": 0.2398440072383185,
        "p-value": 0.8107184773800893
    },
    "19": {
        "t-value": -0.14925899701615847,
        "p-value": 0.8815095340250566
    },
    "20": {
        "t-value": -0.09375535596545002,
        "p-value": 0.9254043072253975
    },
    "21": {
        "t-value": -0.443981107117435,
        "p-value": 0.6575786117088033
    },
    "22": {
        "t-value": 1.3731836145521534,
        "p-value": 0.1713914456163889
    },
    "23": {
        "t-value": 0.25318110278752787,
        "p-value": 0.8004215757207248
    },
    "24": {
        "t-value": 6.019988157147641,
        "p-value": 1.550456835701018e-08
    },
    "25": {
        "t-value": 1.598469529273789,
        "p-value": 0.11185104338318894
    },
    "26": {
        "t-value": 0.8335619189773256,
        "p-value": 0.4056059919733358
    },
    "27": {
        "t-value": -0.5737594076920682,
        "p-value": 0.5668176196699672
    },
    "28": {
        "t-value": -0.1479303737773459,
        "p-value": 0.8825564856171697
    },
    "29": {
        "t-value": -0.18828887343994205,
        "p-value": 0.8508583034337259
    },
    "30": {
        "t-value": -0.21438132716036196,
        "p-value": 0.8304827427201034
    },
    "31": {
        "t-value": 5.522418452518773,
        "p-value": 1.1807968922134961e-07
    },
    "32": {
        "t-value": 0.0803712537317745,
        "p-value": 0.936028914487944
    },
    "33": {
        "t-value": 0.24077092680252574,
        "p-value": 0.810000051517909
    },
    "34": {
        "t-value": 0.6839339971588447,
        "p-value": 0.49491465912649213
    },
    "35": {
        "t-value": 0.5186954478023407,
        "p-value": 0.6046046321748937
    },
    "36": {
        "t-value": -2.193680858337704,
        "p-value": 0.029833791913297745
    },
    "37": {
        "t-value": 1.1254381494219385,
        "p-value": 0.26229840135521354
    },
    "38": {
        "t-value": 0.17625045576318205,
        "p-value": 0.8602939756183947
    },
    "39": {
        "t-value": -0.37196453993192896,
        "p-value": 0.7103426687628109
    },
    "40": {
        "t-value": 3.2078172575907766,
        "p-value": 0.0016892631291614182
    },
    "41": {
        "t-value": 0.28337911858391485,
        "p-value": 0.7772068890550924
    }
}