{
    "0": {
        "t-value": 0.2755309733044773,
        "p-value": 0.7832131283871789
    },
    "1": {
        "t-value": 0.706786826292409,
        "p-value": 0.48065586840567087
    },
    "2": {
        "t-value": -0.545667563907214,
        "p-value": 0.585950479836524
    },
    "3": {
        "t-value": -0.2617096469918317,
        "p-value": 0.793841031708381
    },
    "4": {
        "t-value": 4.116846867593091,
        "p-value": 6.121616051601106e-05
    },
    "5": {
        "t-value": -0.2713209831335939,
        "p-value": 0.7864425098985024
    },
    "6": {
        "t-value": 3.8117755453722535,
        "p-value": 0.00020294776281280807
    },
    "7": {
        "t-value": 1.9447942100592552,
        "p-value": 0.053775412203901356
    },
    "8": {
        "t-value": -0.658140932958058,
        "p-value": 0.5112610513701934
    },
    "9": {
        "t-value": 1.934942288402145,
        "p-value": 0.05456368389609347
    },
    "10": {
        "t-value": -0.4239872569248322,
        "p-value": 0.6720801950224191
    },
    "11": {
        "t-value": 0.760338398603777,
        "p-value": 0.4480200081033783
    },
    "12": {
        "t-value": 1.8979828625106305,
        "p-value": 0.059244882891361914
    },
    "13": {
        "t-value": 2.074291190096145,
        "p-value": 0.03941694485705849
    },
    "14": {
        "t-value": -0.9200772539848433,
        "p-value": 0.35898816697949965
    },
    "15": {
        "t-value": 0.10585448730168226,
        "p-value": 0.91581231301548
    },
    "16": {
        "t-value": 0.7249754201857311,
        "p-value": 0.4693944153883769
    },
    "17": {
        "t-value": 0.31929198502031364,
        "p-value": 0.7498822232411984
    },
    "18": {
        "t-value": 0.7742280584710687,
        "p-value": 0.43981207041770387
    },
    "19": {
        "t-value": 0.4205269367421588,
        "p-value": 0.6745842477736765
    },
    "20": {
        "t-value": 1.0406520897438423,
        "p-value": 0.29938192569311933
    },
    "21": {
        "t-value": 0.11996834293738158,
        "p-value": 0.9046479719085382
    },
    "22": {
        "t-value": 0.9416314499775301,
        "p-value": 0.3476816610423039
    },
    "23": {
        "t-value": 0.868614419199112,
        "p-value": 0.3862195304150672
    },
    "24": {
        "t-value": 9.789523790080679,
        "p-value": 2.811825150862497e-17
    },
    "25": {
        "t-value": 2.4520977787726252,
        "p-value": 0.015330755491568752
    },
    "26": {
        "t-value": 2.3268760471739673,
        "p-value": 0.02105281923345325
    },
    "27": {
        "t-value": -0.5731853370025785,
        "p-value": 0.5672041822169356
    },
    "28": {
        "t-value": -0.5507076992335648,
        "p-value": 0.5824976060824358
    },
    "29": {
        "t-value": 0.42700517529564236,
        "p-value": 0.6698660566136154
    },
    "30": {
        "t-value": 0.34367415739372253,
        "p-value": 0.7314808636026973
    },
    "31": {
        "t-value": 3.891166917973919,
        "p-value": 0.00014247123072174788
    },
    "32": {
        "t-value": -0.2549522890257272,
        "p-value": 0.7990675262160651
    },
    "33": {
        "t-value": 0.5705284035063594,
        "p-value": 0.5690179832232682
    },
    "34": {
        "t-value": 2.002730627680945,
        "p-value": 0.04664460430735578
    },
    "35": {
        "t-value": 0.20313813986158535,
        "p-value": 0.8392471476073556
    },
    "36": {
        "t-value": 2.58388924189024,
        "p-value": 0.010745843260334625
    },
    "37": {
        "t-value": 1.064220576414356,
        "p-value": 0.28859376978003376
    },
    "38": {
        "t-value": -0.014453528731390735,
        "p-value": 0.9884836639994821
    },
    "39": {
        "t-value": -0.7770029136959838,
        "p-value": 0.4381336426082192
    },
    "40": {
        "t-value": 2.9006369842610833,
        "p-value": 0.004271716742199024
    },
    "41": {
        "t-value": 0.3519766062841576,
        "p-value": 0.7252509426435676
    }
}