{
    "0": {
        "distance for f-m": 0.04899999999999993,
        "p_value for f-m": 0.5610162392390552,
        "distance for f-f": 0.1758893280632411,
        "p_value for f-f": 0.3176567458254106,
        "distance for m-m": 0.15810276679841895,
        "p_value for m-m": 0.3696418962972202,
        "final": -0.11799604743083009
    },
    "1": {
        "distance for f-m": 0.027111111111111086,
        "p_value for f-m": 0.7481400404094459,
        "distance for f-f": 0.0889328063241106,
        "p_value for f-f": 0.6173964505128298,
        "distance for m-m": 0.29841897233201586,
        "p_value for m-m": 0.08791904757497444,
        "final": -0.16656477821695215
    },
    "2": {
        "distance for f-m": 0.03588888888888886,
        "p_value for f-m": 0.6700661940571674,
        "distance for f-f": 0.021739130434782705,
        "p_value for f-f": 0.9095518998505194,
        "distance for m-m": 0.2944664031620553,
        "p_value for m-m": 0.09087760088607189,
        "final": -0.12221387790953014
    },
    "3": {
        "distance for f-m": 0.04600000000000004,
        "p_value for f-m": 0.5850277625648359,
        "distance for f-f": 0.19367588932806323,
        "p_value for f-f": 0.27076483172091226,
        "distance for m-m": 0.28458498023715406,
        "p_value for m-m": 0.10062212424365059,
        "final": -0.1931304347826086
    },
    "4": {
        "distance for f-m": 0.3332222222222223,
        "p_value for f-m": 7.464679839754385e-05,
        "distance for f-f": 0.14426877470355737,
        "p_value for f-f": 0.4130636127341415,
        "distance for m-m": 0.31818181818181823,
        "p_value for m-m": 0.0692077581793853,
        "final": 0.10199692577953451
    },
    "5": {
        "distance for f-m": 0.028555555555555556,
        "p_value for f-m": 0.7351911414520922,
        "distance for f-f": 0.06916996047430835,
        "p_value for f-f": 0.6993000094521966,
        "distance for m-m": 0.06916996047430835,
        "p_value for m-m": 0.699375458466055,
        "final": -0.04061440491875279
    },
    "6": {
        "distance for f-m": 0.34711111111111115,
        "p_value for f-m": 3.640153004588309e-05,
        "distance for f-f": 0.28853754940711474,
        "p_value for f-f": 0.0911310872109522,
        "distance for m-m": 0.13438735177865602,
        "p_value for m-m": 0.44618010451851764,
        "final": 0.13564866051822577
    },
    "7": {
        "distance for f-m": 0.08733333333333326,
        "p_value for f-m": 0.29959302498397644,
        "distance for f-f": 0.0,
        "p_value for f-f": 1.0,
        "distance for m-m": 0.05335968379446643,
        "p_value for m-m": 0.7672786171302306,
        "final": 0.06065349143610005
    },
    "8": {
        "distance for f-m": 0.05688888888888888,
        "p_value for f-m": 0.49958522798951277,
        "distance for f-f": 0.035573122529644285,
        "p_value for f-f": 0.846924779428002,
        "distance for m-m": 0.09486166007905139,
        "p_value for m-m": 0.5932017444349198,
        "final": -0.00832850241545896
    },
    "9": {
        "distance for f-m": 0.1534444444444445,
        "p_value for f-m": 0.06433498372918123,
        "distance for f-f": 0.11067193675889331,
        "p_value for f-f": 0.5313701713135204,
        "distance for m-m": 0.3221343873517787,
        "p_value for m-m": 0.0334856699108538,
        "final": -0.0629587176108915
    },
    "10": {
        "distance for f-m": 0.054777777777777814,
        "p_value for f-m": 0.5156520989065314,
        "distance for f-f": 0.39525691699604737,
        "p_value for f-f": 0.02371226123618916,
        "distance for m-m": 0.4861660079051383,
        "p_value for m-m": 0.0053886459321252946,
        "final": -0.385933684672815
    },
    "11": {
        "distance for f-m": 0.04800000000000004,
        "p_value for f-m": 0.5688499912059588,
        "distance for f-f": 0.21541501976284583,
        "p_value for f-f": 0.21912142125401968,
        "distance for m-m": 0.08300395256916993,
        "p_value for m-m": 0.6408693018621285,
        "final": -0.10120948616600783
    },
    "12": {
        "distance for f-m": 0.15066666666666673,
        "p_value for f-m": 0.06967011637738034,
        "distance for f-f": 0.5810276679841897,
        "p_value for f-f": 0.0008694310373870131,
        "distance for m-m": 0.13833992094861658,
        "p_value for m-m": 0.36768250769994704,
        "final": -0.2090171277997364
    },
    "13": {
        "distance for f-m": 0.15999999999999992,
        "p_value for f-m": 0.05712831871645439,
        "distance for f-f": 0.16007905138339917,
        "p_value for f-f": 0.36367703324925704,
        "distance for m-m": 0.4841897233201582,
        "p_value for m-m": 0.005323636891804476,
        "final": -0.16213438735177876
    },
    "14": {
        "distance for f-m": 0.06071428571428572,
        "p_value for f-m": 0.5118814005136989,
        "distance for f-f": 0.28125,
        "p_value for f-f": 0.17946872119181012,
        "distance for m-m": 0.26086956521739135,
        "p_value for m-m": 0.13622961989690563,
        "final": -0.21034549689440996
    },
    "15": {
        "distance for f-m": 0.0013333333333334085,
        "p_value for f-m": 0.9882189072478796,
        "distance for f-f": 0.5237154150197628,
        "p_value for f-f": 0.00192127318743524,
        "distance for m-m": 0.09683794466403162,
        "p_value for m-m": 0.5834300072204743,
        "final": -0.3089433465085638
    },
    "16": {
        "distance for f-m": 0.041888888888888864,
        "p_value for f-m": 0.6193422032844227,
        "distance for f-f": 0.4861660079051383,
        "p_value for f-f": 0.005387122239103565,
        "distance for m-m": 0.0810276679841897,
        "p_value for m-m": 0.6495624556246515,
        "final": -0.24170794905577514
    },
    "17": {
        "distance for f-m": 0.010444444444444478,
        "p_value for f-m": 0.9021331934174751,
        "distance for f-f": 0.05335968379446643,
        "p_value for f-f": 0.766685225061194,
        "distance for m-m": 0.08893280632411071,
        "p_value for m-m": 0.6166525859074178,
        "final": -0.06070180061484409
    },
    "18": {
        "distance for f-m": 0.08477777777777784,
        "p_value for f-m": 0.31405100927016916,
        "distance for f-f": 0.3300395256916997,
        "p_value for f-f": 0.05931048593162417,
        "distance for m-m": 0.3458498023715415,
        "p_value for m-m": 0.04812654116873755,
        "final": -0.25316688625384276
    },
    "19": {
        "distance for f-m": 0.044333333333333336,
        "p_value for f-m": 0.5990300541865085,
        "distance for f-f": 0.3379446640316206,
        "p_value for f-f": 0.05358427345932159,
        "distance for m-m": 0.04743083003952564,
        "p_value for m-m": 0.7939695104611623,
        "final": -0.14835441370223978
    },
    "20": {
        "distance for f-m": 0.09866666666666668,
        "p_value for f-m": 0.24122277565684436,
        "distance for f-f": 0.4130434782608696,
        "p_value for f-f": 0.018186929275581274,
        "distance for m-m": 0.009881422924901129,
        "p_value for m-m": 0.9637637561811406,
        "final": -0.1127957839262187
    },
    "21": {
        "distance for f-m": 0.06188888888888888,
        "p_value for f-m": 0.4625974906190381,
        "distance for f-f": 0.6996047430830039,
        "p_value for f-f": 6.073198514483288e-05,
        "distance for m-m": 0.04743083003952564,
        "p_value for m-m": 0.7938433192252612,
        "final": -0.3116288976723759
    },
    "22": {
        "distance for f-m": 0.04444444444444451,
        "p_value for f-m": 0.5978524331477859,
        "distance for f-f": 0.16403162055335974,
        "p_value for f-f": 0.34885202022997963,
        "distance for m-m": 0.07509881422924902,
        "p_value for m-m": 0.6736729756248176,
        "final": -0.07512077294685987
    },
    "23": {
        "distance for f-m": 0.07600000000000007,