{
    "0": {
        "degree": 0.04899999999999993,
        "p_value": 0.5610162392390552,
        "correlation": 0.9908072764293165
    },
    "1": {
        "degree": 0.027111111111111086,
        "p_value": 0.7481400404094459,
        "correlation": 0.9760709223935133
    },
    "2": {
        "degree": 0.03588888888888886,
        "p_value": 0.6700661940571674,
        "correlation": 0.9880126748209992
    },
    "3": {
        "degree": 0.04600000000000004,
        "p_value": 0.5850277625648359,
        "correlation": 0.9690003718325947
    },
    "4": {
        "degree": 0.3332222222222223,
        "p_value": 7.464679839754385e-05,
        "correlation": 0.980602491538772
    },
    "5": {
        "degree": 0.028555555555555556,
        "p_value": 0.7351911414520922,
        "correlation": 0.9901334275347581
    },
    "6": {
        "degree": 0.34711111111111115,
        "p_value": 3.640153004588309e-05,
        "correlation": 0.9950460963006683
    },
    "7": {
        "degree": 0.08733333333333326,
        "p_value": 0.29959302498397644,
        "correlation": 0.969705639314058
    },
    "8": {
        "degree": 0.05688888888888888,
        "p_value": 0.49958522798951277,
        "correlation": 0.994496693274712
    },
    "9": {
        "degree": 0.1534444444444445,
        "p_value": 0.06433498372918123,
        "correlation": 0.9605715731623107
    },
    "10": {
        "degree": 0.054777777777777814,
        "p_value": 0.5156520989065314,
        "correlation": 0.9535001922113828
    },
    "11": {
        "degree": 0.04800000000000004,
        "p_value": 0.5688499912059588,
        "correlation": 0.993292192526836
    },
    "12": {
        "degree": 0.15066666666666673,
        "p_value": 0.06967011637738034,
        "correlation": 0.9904910186131279
    },
    "13": {
        "degree": 0.15999999999999992,
        "p_value": 0.05712831871645439,
        "correlation": 0.9858293903780259
    },
    "14": {
        "degree": 0.13007812500000004,
        "p_value": 0.5118814005136989,
        "correlation": 0.9676656823249483
    },
    "15": {
        "degree": 0.0013333333333334085,
        "p_value": 0.9882189072478796,
        "correlation": 0.9982320740713979
    },
    "16": {
        "degree": 0.041888888888888864,
        "p_value": 0.6193422032844227,
        "correlation": 0.9967138319696129
    },
    "17": {
        "degree": 0.010444444444444478,
        "p_value": 0.9021331934174751,
        "correlation": 0.9890814695831506
    },
    "18": {
        "degree": 0.08477777777777784,
        "p_value": 0.31405100927016916,
        "correlation": 0.9899307309707336
    },
    "19": {
        "degree": 0.044333333333333336,
        "p_value": 0.5990300541865085,
        "correlation": 0.9866802103614959
    },
    "20": {
        "degree": 0.09866666666666668,
        "p_value": 0.24122277565684436,
        "correlation": 0.9886067343992919
    },
    "21": {
        "degree": 0.06188888888888888,
        "p_value": 0.4625974906190381,
        "correlation": 0.9788054278070686
    },
    "22": {
        "degree": 0.04444444444444451,
        "p_value": 0.5978524331477859,
        "correlation": 0.9807949173496596
    },
    "23": {
        "degree": 0.07600000000000007,
        "p_value": 0.3668314546767588,
        "correlation": 0.9948787176831907
    },
    "24": {
        "degree": 0.6453333333333333,
        "p_value": 1.4765581477633395e-14,
        "correlation": 0.9622084007518741
    },
    "25": {
        "degree": 0.123,
        "p_value": 0.1439548887296685,
        "correlation": 0.96958490103723
    },
    "26": {
        "degree": 0.20933333333333337,
        "p_value": 0.011848674419882459,
        "correlation": 0.9348282329244841
    },
    "27": {
        "degree": 0.030777777777777793,
        "p_value": 0.7151919573951429,
        "correlation": 0.9845310133804143
    },
    "28": {
        "degree": 0.0367777777777778,
        "p_value": 0.6625536959721663,
        "correlation": 0.9962065804095704
    },
    "29": {
        "degree": 0.07077777777777783,
        "p_value": 0.40069551514866264,
        "correlation": 0.977869861463868
    },
    "30": {
        "degree": 0.028111111111111198,
        "p_value": 0.7390127316641195,
        "correlation": 0.982831140188936
    },
    "31": {
        "degree": 0.19644444444444442,
        "p_value": 0.01949490548989248,
        "correlation": 0.9926043112173805
    },
    "32": {
        "degree": 0.07635327635327638,
        "p_value": 0.9963953894251464,
        "correlation": 0.9855415225039351
    },
    "33": {
        "degree": 0.007555555555555538,
        "p_value": 0.9294335817349274,
        "correlation": 0.9917351077754468
    },
    "34": {
        "degree": 0.15722222222222215,
        "p_value": 0.061751949584392445,
        "correlation": 0.9942312728487225
    },
    "35": {
        "degree": 0.0021111111111110636,
        "p_value": 0.9810267877678078,
        "correlation": 0.9900862207729153
    },
    "36": {
        "degree": 0.01588888888888884,
        "p_value": 0.27604153354068073,
        "correlation": 0.9952000875052713
    },
    "37": {
        "degree": 0.09311111111111114,
        "p_value": 0.2688172206605124,
        "correlation": 0.9841154169171903
    },
    "38": {
        "degree": 0.022222222222222254,
        "p_value": 0.7907214005108286,
        "correlation": 0.986153803613332
    },
    "39": {
        "degree": 0.05122222222222217,
        "p_value": 0.5426607150124176,
        "correlation": 0.984930104366168
    },
    "40": {
        "degree": 0.1867777777777777,
        "p_value": 0.026425219578777446,
        "correlation": 0.9691898687844661
    },
    "41": {
        "degree": 0.013777777777777889,
        "p_value": 0.8708105605808751,
        "correlation": 0.9964709162672184
    }
}