{
    "0": {
        "t-value": -0.4709765068908401,
        "p-value": 0.6377895372195674
    },
    "1": {
        "t-value": 0.17808855679291044,
        "p-value": 0.8586997886054777
    },
    "2": {
        "t-value": -0.245396778771501,
        "p-value": 0.8062139463225177
    },
    "3": {
        "t-value": -0.5624833148985695,
        "p-value": 0.573948839230675
    },
    "4": {
        "t-value": -0.37270502246857856,
        "p-value": 0.7094698871267608
    },
    "5": {
        "t-value": -0.8222368262903232,
        "p-value": 0.41119405184880375
    },
    "6": {
        "t-value": -0.8647124893045769,
        "p-value": 0.3874635177249527
    },
    "7": {
        "t-value": -0.029788942886140722,
        "p-value": 0.97624302504296
    },
    "8": {
        "t-value": -0.16788250321149217,
        "p-value": 0.8667193895962397
    },
    "9": {
        "t-value": -0.7340916767563339,
        "p-value": 0.4631141554985414
    },
    "10": {
        "t-value": -0.5790019503592961,
        "p-value": 0.5627554956073957
    },
    "11": {
        "t-value": -0.5021184638526639,
        "p-value": 0.6157262745580458
    },
    "12": {
        "t-value": -0.4394880812447712,
        "p-value": 0.6604300161329103
    },
    "13": {
        "t-value": -0.5059828274322499,
        "p-value": 0.6130124238141159
    },
    "14": {
        "t-value": -0.09022619448982264,
        "p-value": 0.928131751735149
    },
    "15": {
        "t-value": -0.33520857543931465,
        "p-value": 0.73755822000787
    },
    "16": {
        "t-value": -0.5317659922956293,
        "p-value": 0.5950399999583749
    }
}