{
    "0": {
        "t-value": -0.1175983650471988,
        "p-value": 0.9095038938592893
    }
}