{
    "0": {
        "t-value": 18.46270027167041,
        "p-value": 7.063553310496539e-22
    }
}